word,book1_count,book2_count,book1_per_10k,book2_per_10k,g2_score,distinctive_to
thoughts,88,10,118.32728250638698,5.837370848169985,152.93645178587218,Book 1
thought,64,16,86.05620545919052,9.339793357071974,84.43046218779817,Book 1
love,4,149,5.378512841199408,86.97682563773276,79.95758647223911,Book 2
truth,8,166,10.757025682398815,96.90035607962173,73.92369380681768,Book 2
circumstances,37,3,49.75124378109452,1.7512112544509952,69.28088937579207,Book 1
divine,2,70,2.689256420599704,40.86159593718989,36.979623791135474,Book 2
character,22,3,29.581820626596745,1.7512112544509952,36.39607963106947,Book 1
himself,37,18,49.75124378109452,10.507267526705972,31.86295774329442,Book 1
self,20,145,26.89256420599704,84.64187729846476,30.48013717678689,Book 2
result,20,4,26.89256420599704,2.3349483392679935,29.0565923942333,Book 1
crystallize,12,0,16.135538523598225,0.0,28.679453794016595,Book 1
solidify,12,0,16.135538523598225,0.0,28.679453794016595,Book 1
habits,14,1,18.82479494419793,0.5837370848169984,26.832572146627363,Book 1
condition,11,0,14.790910313298372,0.0,26.289499311181878,Book 1
circumstance,10,0,13.44628210299852,0.0,23.89954482834716,Book 1
eternal,1,39,1.344628210299852,22.765746307862937,21.160703992267813,Book 2
peace,7,71,9.412397472098965,41.445333022006885,20.825212588316248,Book 2
from,15,103,20.169423154497782,60.12491973615084,20.23777312737628,Book 2
conditions,11,1,14.790910313298372,0.5837370848169984,20.126545908614425,Book 1
meditation,1,36,1.344628210299852,21.014535053411944,19.155359384096414,Book 2
chance,8,0,10.757025682398815,0.0,19.11963586267773,Book 1
thou,0,26,0.0,15.177164205241958,18.748864960290398,Book 2
purpose,13,3,17.480166733898077,1.7512112544509952,17.790256763528127,Book 1
error,0,24,0.0,14.009690035607962,17.30664457872959,Book 2
body,16,6,21.51405136479763,3.5024225089019905,16.78401766468162,Book 1
oppressor,7,0,9.412397472098965,0.0,16.72968137984301,Book 1
success,7,0,9.412397472098965,0.0,16.72968137984301,Book 1
environment,7,0,9.412397472098965,0.0,16.72968137984301,Book 1
failure,7,0,9.412397472098965,0.0,16.72968137984301,Book 1
sorrow,1,32,1.344628210299852,18.679586714143948,16.5030793102023,Book 2
realization,0,22,0.0,12.842215865973966,15.86442419716879,Book 2
ideal,9,1,12.101653892698668,0.5837370848169984,15.72904106846388,Book 1
people,9,1,12.101653892698668,0.5837370848169984,15.72904106846388,Book 1
infinite,0,21,0.0,12.258478781156967,15.14331400638839,Book 2
strong,15,6,20.169423154497782,3.5024225089019905,15.048655666622338,Book 1
effect,10,2,13.44628210299852,1.1674741696339968,14.52829619711665,Book 1
inward,0,20,0.0,11.67474169633997,14.42220381560799,Book 2
honest,6,0,8.067769261799112,0.0,14.339726897008298,Book 1
produce,6,0,8.067769261799112,0.0,14.339726897008298,Book 1
made,6,0,8.067769261799112,0.0,14.339726897008298,Book 1
clean,6,0,8.067769261799112,0.0,14.339726897008298,Book 1
action,6,0,8.067769261799112,0.0,14.339726897008298,Book 1
immortality,0,19,0.0,11.091004611522969,13.70109362482759,Book 2
right,12,4,16.135538523598225,2.3349483392679935,13.569169929336326,Book 1
vision,12,4,16.135538523598225,2.3349483392679935,13.569169929336326,Book 1
heart,13,80,17.480166733898077,46.69896678535988,13.507662654598686,Book 2
shall,15,7,20.169423154497782,4.086159593718989,13.375468750058328,Book 1
mind,24,18,32.27107704719645,10.507267526705972,12.974610227240763,Book 1
holy,1,26,1.344628210299852,15.177164205241958,12.584648656008403,Book 2
dishonest,5,0,6.72314105149926,0.0,11.94977241417358,Book 1
visions,5,0,6.72314105149926,0.0,11.94977241417358,Book 1
aspirations,5,0,6.72314105149926,0.0,11.94977241417358,Book 1
noble,5,0,6.72314105149926,0.0,11.94977241417358,Book 1
outer,5,0,6.72314105149926,0.0,11.94977241417358,Book 1
achievements,5,0,6.72314105149926,0.0,11.94977241417358,Book 1
weakness,12,5,16.135538523598225,2.9186854240849924,11.687889769260261,Book 1
selfless,0,16,0.0,9.339793357071974,11.537763052486392,Book 2
ever,2,30,2.689256420599704,17.512112544509954,11.450548531868023,Book 2
health,7,1,9.412397472098965,0.5837370848169984,11.422468990520425,Book 1
wretchedness,7,1,9.412397472098965,0.5837370848169984,11.422468990520425,Book 1
enter,2,29,2.689256420599704,16.928375459692955,10.860644681677229,Book 2
strife,0,15,0.0,8.756056272254977,10.816652861705993,Book 2
dark,0,15,0.0,8.756056272254977,10.816652861705993,Book 2
being,19,14,25.54793599569719,8.172319187437978,10.517465225549484,Book 1
real,0,14,0.0,8.172319187437978,10.095542670925592,Book 2
cling,0,14,0.0,8.172319187437978,10.095542670925592,Book 2
silent,0,14,0.0,8.172319187437978,10.095542670925592,Book 2
into,46,57,61.8528976737932,33.273013834568914,9.429868519710208,Book 1
opinions,0,13,0.0,7.588582102620979,9.374432480145199,Book 2
condemnation,0,13,0.0,7.588582102620979,9.374432480145199,Book 2
achievement,6,1,8.067769261799112,0.5837370848169984,9.319208631750975,Book 1
disease,6,1,8.067769261799112,0.5837370848169984,9.319208631750975,Book 1
just,6,1,8.067769261799112,0.5837370848169984,9.319208631750975,Book 1
doubt,6,1,8.067769261799112,0.5837370848169984,9.319208631750975,Book 1
mental,6,1,8.067769261799112,0.5837370848169984,9.319208631750975,Book 1
wisdom,3,30,4.033884630899556,17.512112544509954,8.697186746866418,Book 2
personality,0,12,0.0,7.004845017803981,8.653322289364795,Book 2
consciousness,0,12,0.0,7.004845017803981,8.653322289364795,Book 2
perishable,0,12,0.0,7.004845017803981,8.653322289364795,Book 2
fear,7,2,9.412397472098965,1.1674741696339968,8.637190178366033,Book 1
impure,8,3,10.757025682398815,1.7512112544509952,8.39200883234081,Book 1
another,9,4,12.101653892698668,2.3349483392679935,8.345745095645164,Book 1
realized,2,24,2.689256420599704,14.009690035607962,7.984706146223132,Book 2
rest,0,11,0.0,6.421107932986983,7.932212098584395,Book 2
desert,0,11,0.0,6.421107932986983,7.932212098584395,Book 2
upon,18,82,24.203307785397335,47.86644095499387,7.871518972998807,Book 2
deep,1,18,1.344628210299852,10.507267526705972,7.534639992819102,Book 2
yourself,2,23,2.689256420599704,13.425952950790965,7.426974765189245,Book 2
beautiful,11,7,14.790910313298372,4.086159593718989,7.280325450721286,Book 1
laws,5,1,6.72314105149926,0.5837370848169984,7.264148098558325,Book 1
prosperity,5,1,6.72314105149926,0.5837370848169984,7.264148098558325,Book 1
achieve,5,1,6.72314105149926,0.5837370848169984,7.264148098558325,Book 1
ideals,5,1,6.72314105149926,0.5837370848169984,7.264148098558325,Book 1
rapidly,5,1,6.72314105149926,0.5837370848169984,7.264148098558325,Book 1
hatred,0,10,0.0,5.837370848169985,7.211101907803995,Book 2
religion,0,10,0.0,5.837370848169985,7.211101907803995,Book 2
meditate,0,10,0.0,5.837370848169985,7.211101907803995,Book 2
death,0,10,0.0,5.837370848169985,7.211101907803995,Book 2
immortal,0,10,0.0,5.837370848169985,7.211101907803995,Book 2
jesus,0,10,0.0,5.837370848169985,7.211101907803995,Book 2
when,12,60,16.135538523598225,35.02422508901991,7.065251164092697,Book 2
principle,1,17,1.344628210299852,9.923530441888975,6.924698139750928,Book 2
selfishness,1,17,1.344628210299852,9.923530441888975,6.924698139750928,Book 2
means,6,2,8.067769261799112,1.1674741696339968,6.784584964668163,Book 1
becomes,8,4,10.757025682398815,2.3349483392679935,6.727736586723822,Book 1
could,7,3,9.412397472098965,1.7512112544509952,6.675725911086343,Book 1
human,3,26,4.033884630899556,15.177164205241958,6.628263978704768,Book 2
come,4,30,5.378512841199408,17.512112544509954,6.56280576954033,Book 2
master,15,13,20.169423154497782,7.588582102620979,6.550486479920771,Book 1
night,0,9,0.0,5.253633763352986,6.489991717023596,Book 2
impersonal,0,9,0.0,5.253633763352986,6.489991717023596,Book 2
hast,0,9,0.0,5.253633763352986,6.489991717023596,Book 2
beginning,0,9,0.0,5.253633763352986,6.489991717023596,Book 2
works,0,9,0.0,5.253633763352986,6.489991717023596,Book 2
mankind,0,9,0.0,5.253633763352986,6.489991717023596,Book 2
clinging,0,9,0.0,5.253633763352986,6.489991717023596,Book 2
flesh,0,9,0.0,5.253633763352986,6.489991717023596,Book 2
earth,0,9,0.0,5.253633763352986,6.489991717023596,Book 2
control,11,8,14.790910313298372,4.669896678535987,6.194460297541864,Book 1
long,11,8,14.790910313298372,4.669896678535987,6.194460297541864,Book 1
good,18,18,24.203307785397335,10.507267526705972,6.09256712475602,Book 1
strength,10,7,13.44628210299852,4.086159593718989,5.912506412553912,Book 1
glory,0,8,0.0,4.669896678535987,5.768881526243196,Book 2
striving,0,8,0.0,4.669896678535987,5.768881526243196,Book 2
simplicity,0,8,0.0,4.669896678535987,5.768881526243196,Book 2
humility,0,8,0.0,4.669896678535987,5.768881526243196,Book 2
seek,0,8,0.0,4.669896678535987,5.768881526243196,Book 2
feet,0,8,0.0,4.669896678535987,5.768881526243196,Book 2
pleasure,0,8,0.0,4.669896678535987,5.768881526243196,Book 2
path,0,8,0.0,4.669896678535987,5.768881526243196,Book 2
glorious,0,8,0.0,4.669896678535987,5.768881526243196,Book 2
savior,0,8,0.0,4.669896678535987,5.768881526243196,Book 2
christ,0,8,0.0,4.669896678535987,5.768881526243196,Book 2
they,43,61,57.819013042893644,35.6079621738369,5.712278756882014,Book 1
both,9,6,12.101653892698668,3.5024225089019905,5.645901479917152,Book 1
make,12,10,16.135538523598225,5.837370848169985,5.5741492088476114,Book 1
which,73,118,98.1578593518892,68.88097600840581,5.477880026770826,Book 1
dream,4,1,5.378512841199408,0.5837370848169984,5.276903886737386,Book 1
totally,4,1,5.378512841199408,0.5837370848169984,5.276903886737386,Book 1
makes,4,1,5.378512841199408,0.5837370848169984,5.276903886737386,Book 1
thinketh,4,1,5.378512841199408,0.5837370848169984,5.276903886737386,Book 1
intellectual,4,1,5.378512841199408,0.5837370848169984,5.276903886737386,Book 1
process,4,1,5.378512841199408,0.5837370848169984,5.276903886737386,Book 1
grace,4,1,5.378512841199408,0.5837370848169984,5.276903886737386,Book 1
alter,4,1,5.378512841199408,0.5837370848169984,5.276903886737386,Book 1
useless,4,1,5.378512841199408,0.5837370848169984,5.276903886737386,Book 1
serenity,4,1,5.378512841199408,0.5837370848169984,5.276903886737386,Book 1
surely,4,1,5.378512841199408,0.5837370848169984,5.276903886737386,Book 1
spirit,3,23,4.033884630899556,13.425952950790965,5.15878552408582,Book 2
where,3,23,4.033884630899556,13.425952950790965,5.15878552408582,Book 2
reality,1,14,1.344628210299852,8.172319187437978,5.137596349921253,Book 2
your,37,128,49.75124378109452,74.71834685657579,5.096086996678665,Book 2
passionate,0,7,0.0,4.086159593718989,5.047771335462796,Book 2
service,0,7,0.0,4.086159593718989,5.047771335462796,Book 2
dislike,0,7,0.0,4.086159593718989,5.047771335462796,Book 2
conduct,0,7,0.0,4.086159593718989,5.047771335462796,Book 2
trial,0,7,0.0,4.086159593718989,5.047771335462796,Book 2
trust,0,7,0.0,4.086159593718989,5.047771335462796,Book 2
daily,0,7,0.0,4.086159593718989,5.047771335462796,Book 2
ceased,0,7,0.0,4.086159593718989,5.047771335462796,Book 2
waters,0,7,0.0,4.086159593718989,5.047771335462796,Book 2
shut,0,7,0.0,4.086159593718989,5.047771335462796,Book 2
freed,0,7,0.0,4.086159593718989,5.047771335462796,Book 2
manifested,0,7,0.0,4.086159593718989,5.047771335462796,Book 2
silence,0,7,0.0,4.086159593718989,5.047771335462796,Book 2
unchangeable,0,7,0.0,4.086159593718989,5.047771335462796,Book 2
vain,0,7,0.0,4.086159593718989,5.047771335462796,Book 2
living,0,7,0.0,4.086159593718989,5.047771335462796,Book 2
holiness,0,7,0.0,4.086159593718989,5.047771335462796,Book 2
universal,0,7,0.0,4.086159593718989,5.047771335462796,Book 2
else,0,7,0.0,4.086159593718989,5.047771335462796,Book 2
saviors,0,7,0.0,4.086159593718989,5.047771335462796,Book 2
ceaselessly,0,7,0.0,4.086159593718989,5.047771335462796,Book 2
weary,0,7,0.0,4.086159593718989,5.047771335462796,Book 2
accomplish,6,3,8.067769261799112,1.7512112544509952,5.045802440042866,Book 1
powers,5,2,6.72314105149926,1.1674741696339968,5.01621855554078,Book 1
blessedness,5,2,6.72314105149926,1.1674741696339968,5.01621855554078,Book 1
will,53,171,71.26529514589217,99.81904150370673,4.8598781430650035,Book 2
seeking,2,18,2.689256420599704,10.507267526705972,4.756573464058697,Book 2
light,4,26,5.378512841199408,15.177164205241958,4.748214857976128,Book 2
selfish,3,22,4.033884630899556,12.842215865973966,4.688038082037458,Book 2
always,9,7,12.101653892698668,4.086159593718989,4.627307048128579,Book 1
divinity,1,13,1.344628210299852,7.588582102620979,4.5594650277526245,Book 2
believe,1,13,1.344628210299852,7.588582102620979,4.5594650277526245,Book 2
worship,0,6,0.0,3.5024225089019905,4.326661144682397,Book 2
overcoming,0,6,0.0,3.5024225089019905,4.326661144682397,Book 2
said,0,6,0.0,3.5024225089019905,4.326661144682397,Book 2
inseparable,0,6,0.0,3.5024225089019905,4.326661144682397,Book 2
passions,0,6,0.0,3.5024225089019905,4.326661144682397,Book 2
refuse,0,6,0.0,3.5024225089019905,4.326661144682397,Book 2
mortality,0,6,0.0,3.5024225089019905,4.326661144682397,Book 2
profound,0,6,0.0,3.5024225089019905,4.326661144682397,Book 2
imperishable,0,6,0.0,3.5024225089019905,4.326661144682397,Book 2
meditations,0,6,0.0,3.5024225089019905,4.326661144682397,Book 2
renounce,0,6,0.0,3.5024225089019905,4.326661144682397,Book 2
dead,0,6,0.0,3.5024225089019905,4.326661144682397,Book 2
sublime,0,6,0.0,3.5024225089019905,4.326661144682397,Book 2
possible,0,6,0.0,3.5024225089019905,4.326661144682397,Book 2
look,0,6,0.0,3.5024225089019905,4.326661144682397,Book 2
goodness,0,6,0.0,3.5024225089019905,4.326661144682397,Book 2
hearts,0,6,0.0,3.5024225089019905,4.326661144682397,Book 2
golden,0,6,0.0,3.5024225089019905,4.326661144682397,Book 2
strives,0,6,0.0,3.5024225089019905,4.326661144682397,Book 2
realize,4,25,5.378512841199408,14.59342712042496,4.318560694002522,Book 2
work,2,17,2.689256420599704,9.923530441888975,4.251943420762618,Book 2
effort,10,9,13.44628210299852,5.253633763352986,4.102599588978885,Book 1
other,10,9,13.44628210299852,5.253633763352986,4.102599588978885,Book 1
that,79,235,106.2256286136883,137.17821493199463,4.026456164497482,Book 2
given,1,12,1.344628210299852,7.004845017803981,3.992353073111566,Book 2
personal,1,12,1.344628210299852,7.004845017803981,3.992353073111566,Book 2
highest,1,12,1.344628210299852,7.004845017803981,3.992353073111566,Book 2
darkness,1,12,1.344628210299852,7.004845017803981,3.992353073111566,Book 2
nature,3,20,4.033884630899556,11.67474169633997,3.7802980055395565,Book 2
sweet,6,4,8.067769261799112,2.3349483392679935,3.7639343199447683,Book 1
within,5,27,6.72314105149926,15.760901290058959,3.6822196746366416,Book 2
anguish,0,5,0.0,2.9186854240849924,3.6055509539019974,Book 2
whom,0,5,0.0,2.9186854240849924,3.6055509539019974,Book 2
sense,0,5,0.0,2.9186854240849924,3.6055509539019974,Book 2
likeness,0,5,0.0,2.9186854240849924,3.6055509539019974,Book 2
outward,0,5,0.0,2.9186854240849924,3.6055509539019974,Book 2
undying,0,5,0.0,2.9186854240849924,3.6055509539019974,Book 2
lust,0,5,0.0,2.9186854240849924,3.6055509539019974,Book 2
narrow,0,5,0.0,2.9186854240849924,3.6055509539019974,Book 2
interests,0,5,0.0,2.9186854240849924,3.6055509539019974,Book 2
acquirement,0,5,0.0,2.9186854240849924,3.6055509539019974,Book 2
image,0,5,0.0,2.9186854240849924,3.6055509539019974,Book 2
early,0,5,0.0,2.9186854240849924,3.6055509539019974,Book 2
lusts,0,5,0.0,2.9186854240849924,3.6055509539019974,Book 2
brother,0,5,0.0,2.9186854240849924,3.6055509539019974,Book 2
commence,0,5,0.0,2.9186854240849924,3.6055509539019974,Book 2
everything,0,5,0.0,2.9186854240849924,3.6055509539019974,Book 2
awakened,0,5,0.0,2.9186854240849924,3.6055509539019974,Book 2
kingdom,0,5,0.0,2.9186854240849924,3.6055509539019974,Book 2
superior,0,5,0.0,2.9186854240849924,3.6055509539019974,Book 2
blind,0,5,0.0,2.9186854240849924,3.6055509539019974,Book 2
thee,0,5,0.0,2.9186854240849924,3.6055509539019974,Book 2
latter,0,5,0.0,2.9186854240849924,3.6055509539019974,Book 2
prejudices,0,5,0.0,2.9186854240849924,3.6055509539019974,Book 2
denial,0,5,0.0,2.9186854240849924,3.6055509539019974,Book 2
krishna,0,5,0.0,2.9186854240849924,3.6055509539019974,Book 2
sorrows,0,5,0.0,2.9186854240849924,3.6055509539019974,Book 2
spotless,0,5,0.0,2.9186854240849924,3.6055509539019974,Book 2
intellect,0,5,0.0,2.9186854240849924,3.6055509539019974,Book 2
perceived,0,5,0.0,2.9186854240849924,3.6055509539019974,Book 2
victory,0,5,0.0,2.9186854240849924,3.6055509539019974,Book 2
gained,0,5,0.0,2.9186854240849924,3.6055509539019974,Book 2
follow,0,5,0.0,2.9186854240849924,3.6055509539019974,Book 2
source,0,5,0.0,2.9186854240849924,3.6055509539019974,Book 2
religions,0,5,0.0,2.9186854240849924,3.6055509539019974,Book 2
lose,0,5,0.0,2.9186854240849924,3.6055509539019974,Book 2
midst,0,5,0.0,2.9186854240849924,3.6055509539019974,Book 2
problems,0,5,0.0,2.9186854240849924,3.6055509539019974,Book 2
leave,0,5,0.0,2.9186854240849924,3.6055509539019974,Book 2
regard,0,5,0.0,2.9186854240849924,3.6055509539019974,Book 2
former,0,5,0.0,2.9186854240849924,3.6055509539019974,Book 2
charity,0,5,0.0,2.9186854240849924,3.6055509539019974,Book 2
temporal,0,5,0.0,2.9186854240849924,3.6055509539019974,Book 2
pleasures,0,5,0.0,2.9186854240849924,3.6055509539019974,Book 2
nearer,0,5,0.0,2.9186854240849924,3.6055509539019974,Book 2
course,0,5,0.0,2.9186854240849924,3.6055509539019974,Book 2
morning,0,5,0.0,2.9186854240849924,3.6055509539019974,Book 2
engage,0,5,0.0,2.9186854240849924,3.6055509539019974,Book 2
centered,0,5,0.0,2.9186854240849924,3.6055509539019974,Book 2
weak,5,3,6.72314105149926,1.7512112544509952,3.5280911759870675,Book 1
material,5,3,6.72314105149926,1.7512112544509952,3.5280911759870675,Book 1
results,5,3,6.72314105149926,1.7512112544509952,3.5280911759870675,Book 1
above,1,11,1.344628210299852,6.421107932986983,3.438102988071254,Book 2
compassion,1,11,1.344628210299852,6.421107932986983,3.438102988071254,Book 2
hour,1,11,1.344628210299852,6.421107932986983,3.438102988071254,Book 2
pass,1,11,1.344628210299852,6.421107932986983,3.438102988071254,Book 2
does,18,23,24.203307785397335,13.425952950790965,3.3779228262236547,Book 1
wrong,4,2,5.378512841199408,1.1674741696339968,3.363868293361911,Book 1
almost,4,2,5.378512841199408,1.1674741696339968,3.363868293361911,Book 1
rich,4,2,5.378512841199408,1.1674741696339968,3.363868293361911,Book 1
inner,4,2,5.378512841199408,1.1674741696339968,3.363868293361911,Book 1
neither,4,2,5.378512841199408,1.1674741696339968,3.363868293361911,Book 1
thinks,4,2,5.378512841199408,1.1674741696339968,3.363868293361911,Book 1
virtuous,4,2,5.378512841199408,1.1674741696339968,3.363868293361911,Book 1
external,4,2,5.378512841199408,1.1674741696339968,3.363868293361911,Book 1
forth,4,2,5.378512841199408,1.1674741696339968,3.363868293361911,Book 1
state,2,15,2.689256420599704,8.756056272254977,3.281402884770165,Book 2
principles,2,15,2.689256420599704,8.756056272254977,3.281402884770165,Book 2
pure,13,15,17.480166733898077,8.756056272254977,3.212797895812143,Book 1
happiness,7,6,9.412397472098965,3.5024225089019905,3.111514948036505,Book 1
perfect,4,22,5.378512841199408,12.842215865973966,3.099444988115618,Book 2
supreme,3,18,4.033884630899556,10.507267526705972,2.924961514438162,Book 2
birth,1,10,1.344628210299852,5.837370848169985,2.899062248955473,Book 2
loves,1,10,1.344628210299852,5.837370848169985,2.899062248955473,Book 2
fall,6,5,8.067769261799112,2.9186854240849924,2.7870746044238057,Book 1
would,10,11,13.44628210299852,6.421107932986983,2.7672124039928576,Book 1
life,30,47,40.338846308995564,27.43564298639893,2.6304959467277857,Book 1
away,5,24,6.72314105149926,14.009690035607962,2.594221834730069,Book 2
with,39,120,52.440500201694235,70.04845017803981,2.585738083971716,Book 2
mere,5,4,6.72314105149926,2.3349483392679935,2.468904798543359,Book 1
should,9,10,12.101653892698668,5.837370848169985,2.433755296924568,Book 1
gentle,1,9,1.344628210299852,5.253633763352986,2.3782867320293484,Book 2
possessed,1,9,1.344628210299852,5.253633763352986,2.3782867320293484,Book 2
buddha,1,9,1.344628210299852,5.253633763352986,2.3782867320293484,Book 2
abiding,1,9,1.344628210299852,5.253633763352986,2.3782867320293484,Book 2
alone,2,13,2.689256420599704,7.588582102620979,2.374107428988064,Book 2
serene,4,3,5.378512841199408,1.7512112544509952,2.162435037873461,Book 1
influence,4,3,5.378512841199408,1.7512112544509952,2.162435037873461,Book 1
lofty,4,3,5.378512841199408,1.7512112544509952,2.162435037873461,Book 1
gold,4,3,5.378512841199408,1.7512112544509952,2.162435037873461,Book 1
poor,4,3,5.378512841199408,1.7512112544509952,2.162435037873461,Book 1
toward,3,16,4.033884630899556,9.339793357071974,2.133458136347461,Book 2
there,15,52,20.169423154497782,30.354328410483916,2.089088930246815,Book 2
experience,6,6,8.067769261799112,3.5024225089019905,2.0308557082520062,Book 1
place,2,12,2.689256420599704,7.004845017803981,1.9499743429587753,Book 2
true,9,11,12.101653892698668,6.421107932986983,1.9162498955533014,Book 1
natural,3,2,4.033884630899556,1.1674741696339968,1.8819671599723842,Book 1
certain,3,2,4.033884630899556,1.1674741696339968,1.8819671599723842,Book 1
help,3,2,4.033884630899556,1.1674741696339968,1.8819671599723842,Book 1
intelligence,3,2,4.033884630899556,1.1674741696339968,1.8819671599723842,Book 1
greater,3,2,4.033884630899556,1.1674741696339968,1.8819671599723842,Book 1
passes,3,2,4.033884630899556,1.1674741696339968,1.8819671599723842,Book 1
slaves,3,2,4.033884630899556,1.1674741696339968,1.8819671599723842,Book 1
sacrifices,3,2,4.033884630899556,1.1674741696339968,1.8819671599723842,Book 1
garment,3,2,4.033884630899556,1.1674741696339968,1.8819671599723842,Book 1
possessions,3,2,4.033884630899556,1.1674741696339968,1.8819671599723842,Book 1
kind,3,2,4.033884630899556,1.1674741696339968,1.8819671599723842,Book 1
accomplished,3,2,4.033884630899556,1.1674741696339968,1.8819671599723842,Book 1
wander,3,2,4.033884630899556,1.1674741696339968,1.8819671599723842,Book 1
ground,3,2,4.033884630899556,1.1674741696339968,1.8819671599723842,Book 1
effects,3,2,4.033884630899556,1.1674741696339968,1.8819671599723842,Book 1
conquered,3,2,4.033884630899556,1.1674741696339968,1.8819671599723842,Book 1
ceaseless,1,8,1.344628210299852,4.669896678535987,1.8798582839033378,Book 2
entered,1,8,1.344628210299852,4.669896678535987,1.8798582839033378,Book 2
strive,1,8,1.344628210299852,4.669896678535987,1.8798582839033378,Book 2
bliss,1,8,1.344628210299852,4.669896678535987,1.8798582839033378,Book 2
them,13,45,17.480166733898077,26.268168816764927,1.796285011913378,Book 2
reach,3,15,4.033884630899556,8.756056272254977,1.7663127910231742,Book 2
ceases,5,5,6.72314105149926,2.9186854240849924,1.6923797568766727,Book 1
whether,5,5,6.72314105149926,2.9186854240849924,1.6923797568766727,Book 1
before,5,5,6.72314105149926,2.9186854240849924,1.6923797568766727,Book 1
even,11,15,14.790910313298372,8.756056272254977,1.6803342304012592,Book 1
until,5,21,6.72314105149926,12.258478781156967,1.6363879521696791,Book 2
great,7,27,9.412397472098965,15.760901290058959,1.6250737080229856,Book 2
then,7,27,9.412397472098965,15.760901290058959,1.6250737080229856,Book 2
because,6,24,8.067769261799112,14.009690035607962,1.6222260634466172,Book 2
desires,8,10,10.757025682398815,5.837370848169985,1.6001210129780858,Book 1
become,13,44,17.480166733898077,25.68443173194793,1.5877832168571224,Book 2
well,6,7,8.067769261799112,4.086159593718989,1.442670655982186,Book 1
patience,3,14,4.033884630899556,8.172319187437978,1.4214313827542968,Book 2
cease,3,14,4.033884630899556,8.172319187437978,1.4214313827542968,Book 2
live,3,14,4.033884630899556,8.172319187437978,1.4214313827542968,Book 2
practice,3,14,4.033884630899556,8.172319187437978,1.4214313827542968,Book 2
this,31,91,41.683474519295416,53.12007471834686,1.4121182781237493,Book 2
once,1,7,1.344628210299852,4.086159593718989,1.4094032381945236,Book 2
absolutely,1,7,1.344628210299852,4.086159593718989,1.4094032381945236,Book 2
each,1,7,1.344628210299852,4.086159593718989,1.4094032381945236,Book 2
walk,1,7,1.344628210299852,4.086159593718989,1.4094032381945236,Book 2
stainless,1,7,1.344628210299852,4.086159593718989,1.4094032381945236,Book 2
were,1,7,1.344628210299852,4.086159593718989,1.4094032381945236,Book 2
foolish,1,7,1.344628210299852,4.086159593718989,1.4094032381945236,Book 2
giving,1,7,1.344628210299852,4.086159593718989,1.4094032381945236,Book 2
evil,4,17,5.378512841199408,9.923530441888975,1.3683573770923632,Book 2
thus,4,17,5.378512841199408,9.923530441888975,1.3683573770923632,Book 2
still,4,4,5.378512841199408,2.3349483392679935,1.353903805501338,Book 1
seeds,4,4,5.378512841199408,2.3349483392679935,1.353903805501338,Book 1
measure,7,9,9.412397472098965,5.253633763352986,1.2896184640199468,Book 1
cannot,15,24,20.169423154497782,14.009690035607962,1.186243312905602,Book 1
higher,2,10,2.689256420599704,5.837370848169985,1.177541860682116,Book 2
about,2,10,2.689256420599704,5.837370848169985,1.177541860682116,Book 2
pain,2,10,2.689256420599704,5.837370848169985,1.177541860682116,Book 2
longer,2,10,2.689256420599704,5.837370848169985,1.177541860682116,Book 2
find,9,13,12.101653892698668,7.588582102620979,1.1168805639436465,Book 1
having,3,13,4.033884630899556,7.588582102620979,1.1018138429849547,Book 2
power,14,44,18.82479494419793,25.68443173194793,1.0791149446731856,Book 2
forces,3,3,4.033884630899556,1.7512112544509952,1.0154278541260031,Book 1
search,3,3,4.033884630899556,1.7512112544509952,1.0154278541260031,Book 1
destiny,3,3,4.033884630899556,1.7512112544509952,1.0154278541260031,Book 1
ready,3,3,4.033884630899556,1.7512112544509952,1.0154278541260031,Book 1
towards,3,3,4.033884630899556,1.7512112544509952,1.0154278541260031,Book 1
fate,3,3,4.033884630899556,1.7512112544509952,1.0154278541260031,Book 1
those,12,19,16.135538523598225,11.091004611522969,0.9997815440018627,Book 1
been,6,8,8.067769261799112,4.669896678535987,0.9871814916382888,Book 1
than,6,8,8.067769261799112,4.669896678535987,0.9871814916382888,Book 1
gain,1,6,1.344628210299852,3.5024225089019905,0.9749871714793876,Book 2
sees,1,6,1.344628210299852,3.5024225089019905,0.9749871714793876,Book 2
storms,1,6,1.344628210299852,3.5024225089019905,0.9749871714793876,Book 2
willing,1,6,1.344628210299852,3.5024225089019905,0.9749871714793876,Book 2
comforts,1,6,1.344628210299852,3.5024225089019905,0.9749871714793876,Book 2
dwell,1,6,1.344628210299852,3.5024225089019905,0.9749871714793876,Book 2
merely,1,6,1.344628210299852,3.5024225089019905,0.9749871714793876,Book 2
gentleness,1,6,1.344628210299852,3.5024225089019905,0.9749871714793876,Book 2
object,8,12,10.757025682398815,7.004845017803981,0.8524914716722658,Book 1
suffer,2,9,2.689256420599704,5.253633763352986,0.8388357954206076,Book 2
called,2,9,2.689256420599704,5.253633763352986,0.8388357954206076,Book 2
many,4,15,5.378512841199408,8.756056272254977,0.8196505067455475,Book 2
same,3,12,4.033884630899556,7.004845017803981,0.8111130317233086,Book 2
very,3,12,4.033884630899556,7.004845017803981,0.8111130317233086,Book 2
have,26,48,34.960333467796154,28.019380071215924,0.8067889412192626,Book 1
here,4,5,5.378512841199408,2.9186854240849924,0.8000605064890429,Book 1
call,4,5,5.378512841199408,2.9186854240849924,0.8000605064890429,Book 1
beauty,4,5,5.378512841199408,2.9186854240849924,0.8000605064890429,Book 1
take,5,7,6.72314105149926,4.086159593718989,0.6969053658397604,Book 1
cause,5,7,6.72314105149926,4.086159593718989,0.6969053658397604,Book 1
also,6,9,8.067769261799112,5.253633763352986,0.6393686037542019,Book 1
themselves,6,9,8.067769261799112,5.253633763352986,0.6393686037542019,Book 1
think,6,9,8.067769261799112,5.253633763352986,0.6393686037542019,Book 1
never,8,25,10.757025682398815,14.59342712042496,0.5927474856874273,Book 2
greatest,1,5,1.344628210299852,2.9186854240849924,0.588770930341058,Book 2
prison,1,5,1.344628210299852,2.9186854240849924,0.588770930341058,Book 2
attain,1,5,1.344628210299852,2.9186854240849924,0.588770930341058,Book 2
gives,1,5,1.344628210299852,2.9186854240849924,0.588770930341058,Book 2
harvest,1,5,1.344628210299852,2.9186854240849924,0.588770930341058,Book 2
except,1,5,1.344628210299852,2.9186854240849924,0.588770930341058,Book 2
teach,1,5,1.344628210299852,2.9186854240849924,0.588770930341058,Book 2
unrest,1,5,1.344628210299852,2.9186854240849924,0.588770930341058,Book 2
faith,1,5,1.344628210299852,2.9186854240849924,0.588770930341058,Book 2
governed,1,5,1.344628210299852,2.9186854240849924,0.588770930341058,Book 2
thing,1,5,1.344628210299852,2.9186854240849924,0.588770930341058,Book 2
lies,1,5,1.344628210299852,2.9186854240849924,0.588770930341058,Book 2
changes,1,5,1.344628210299852,2.9186854240849924,0.588770930341058,Book 2
masters,1,5,1.344628210299852,2.9186854240849924,0.588770930341058,Book 2
hate,1,5,1.344628210299852,2.9186854240849924,0.588770930341058,Book 2
content,1,5,1.344628210299852,2.9186854240849924,0.588770930341058,Book 2
whilst,1,5,1.344628210299852,2.9186854240849924,0.588770930341058,Book 2
searching,1,5,1.344628210299852,2.9186854240849924,0.588770930341058,Book 2
simple,1,5,1.344628210299852,2.9186854240849924,0.588770930341058,Book 2
disappointment,1,5,1.344628210299852,2.9186854240849924,0.588770930341058,Book 2
give,4,14,5.378512841199408,8.172319187437978,0.5859374361888974,Book 2
purity,4,14,5.378512841199408,8.172319187437978,0.5859374361888974,Book 2
wise,3,11,4.033884630899556,6.421107932986983,0.5538400514341135,Book 2
against,3,11,4.033884630899556,6.421107932986983,0.5538400514341135,Book 2
hath,2,8,2.689256420599704,4.669896678535987,0.5407420211488725,Book 2
loss,2,8,2.689256420599704,4.669896678535987,0.5407420211488725,Book 2
revealed,2,8,2.689256420599704,4.669896678535987,0.5407420211488725,Book 2
perceive,2,8,2.689256420599704,4.669896678535987,0.5407420211488725,Book 2
desire,2,8,2.689256420599704,4.669896678535987,0.5407420211488725,Book 2
knowing,2,8,2.689256420599704,4.669896678535987,0.5407420211488725,Book 2
whole,2,8,2.689256420599704,4.669896678535987,0.5407420211488725,Book 2
saint,2,8,2.689256420599704,4.669896678535987,0.5407420211488725,Book 2
prepared,2,8,2.689256420599704,4.669896678535987,0.5407420211488725,Book 2
learned,2,8,2.689256420599704,4.669896678535987,0.5407420211488725,Book 2
attainment,3,4,4.033884630899556,2.3349483392679935,0.4935907458191444,Book 1
judgment,3,4,4.033884630899556,2.3349483392679935,0.4935907458191444,Book 1
understanding,3,4,4.033884630899556,2.3349483392679935,0.4935907458191444,Book 1
matter,3,4,4.033884630899556,2.3349483392679935,0.4935907458191444,Book 1
begins,3,4,4.033884630899556,2.3349483392679935,0.4935907458191444,Book 1
some,3,4,4.033884630899556,2.3349483392679935,0.4935907458191444,Book 1
indulgence,3,4,4.033884630899556,2.3349483392679935,0.4935907458191444,Book 1
absolute,3,4,4.033884630899556,2.3349483392679935,0.4935907458191444,Book 1
dreams,3,4,4.033884630899556,2.3349483392679935,0.4935907458191444,Book 1
built,3,4,4.033884630899556,2.3349483392679935,0.4935907458191444,Book 1
receive,3,4,4.033884630899556,2.3349483392679935,0.4935907458191444,Book 1
sufferings,3,4,4.033884630899556,2.3349483392679935,0.4935907458191444,Book 1
through,5,16,6.72314105149926,9.339793357071974,0.4348113182902118,Book 2
soul,15,42,20.169423154497782,24.516957562313934,0.43385469102805363,Book 2
continually,4,6,5.378512841199408,3.5024225089019905,0.4262457358361329,Book 1
their,24,47,32.27107704719645,27.43564298639893,0.4110024322920687,Book 1
much,5,8,6.72314105149926,4.669896678535987,0.39541443763520223,Book 1
must,12,22,16.135538523598225,12.842215865973966,0.3949898599643187,Book 1
these,6,10,8.067769261799112,5.837370848169985,0.3808051837568658,Book 1
knows,3,10,4.033884630899556,5.837370848169985,0.3356576541977645,Book 2
particular,3,10,4.033884630899556,5.837370848169985,0.3356576541977645,Book 2
begin,2,7,2.689256420599704,4.086159593718989,0.2929687180944487,Book 2
heaven,2,7,2.689256420599704,4.086159593718989,0.2929687180944487,Book 2
back,2,7,2.689256420599704,4.086159593718989,0.2929687180944487,Book 2
lesson,2,7,2.689256420599704,4.086159593718989,0.2929687180944487,Book 2
passion,5,15,6.72314105149926,8.756056272254977,0.2730194911272372,Book 2
most,5,15,6.72314105149926,8.756056272254977,0.2730194911272372,Book 2
sacrifice,5,15,6.72314105149926,8.756056272254977,0.2730194911272372,Book 2
pride,1,4,1.344628210299852,2.3349483392679935,0.27037101057443624,Book 2
train,1,4,1.344628210299852,2.3349483392679935,0.27037101057443624,Book 2
ages,1,4,1.344628210299852,2.3349483392679935,0.27037101057443624,Book 2
conquer,1,4,1.344628210299852,2.3349483392679935,0.27037101057443624,Book 2
temple,1,4,1.344628210299852,2.3349483392679935,0.27037101057443624,Book 2
shadows,1,4,1.344628210299852,2.3349483392679935,0.27037101057443624,Book 2
divinely,1,4,1.344628210299852,2.3349483392679935,0.27037101057443624,Book 2
shadow,1,4,1.344628210299852,2.3349483392679935,0.27037101057443624,Book 2
aspiration,1,4,1.344628210299852,2.3349483392679935,0.27037101057443624,Book 2
equanimity,1,4,1.344628210299852,2.3349483392679935,0.27037101057443624,Book 2
necessary,1,4,1.344628210299852,2.3349483392679935,0.27037101057443624,Book 2
unto,1,4,1.344628210299852,2.3349483392679935,0.27037101057443624,Book 2
word,1,4,1.344628210299852,2.3349483392679935,0.27037101057443624,Book 2
between,1,4,1.344628210299852,2.3349483392679935,0.27037101057443624,Book 2
established,1,4,1.344628210299852,2.3349483392679935,0.27037101057443624,Book 2
apart,1,4,1.344628210299852,2.3349483392679935,0.27037101057443624,Book 2
destroys,1,4,1.344628210299852,2.3349483392679935,0.27037101057443624,Book 2
sage,1,4,1.344628210299852,2.3349483392679935,0.27037101057443624,Book 2
imagine,1,4,1.344628210299852,2.3349483392679935,0.27037101057443624,Book 2
hours,1,4,1.344628210299852,2.3349483392679935,0.27037101057443624,Book 2
something,1,4,1.344628210299852,2.3349483392679935,0.27037101057443624,Book 2
direct,1,4,1.344628210299852,2.3349483392679935,0.27037101057443624,Book 2
enduring,1,4,1.344628210299852,2.3349483392679935,0.27037101057443624,Book 2
clothed,1,4,1.344628210299852,2.3349483392679935,0.27037101057443624,Book 2
spiritual,9,25,12.101653892698668,14.59342712042496,0.2386630765854454,Book 2
time,10,19,13.44628210299852,11.091004611522969,0.23786338216490455,Book 1
know,9,17,12.101653892698668,9.923530441888975,0.22673970162546908,Book 1
takes,2,3,2.689256420599704,1.7512112544509952,0.21312286791806645,Book 1
serve,2,3,2.689256420599704,1.7512112544509952,0.21312286791806645,Book 1
making,2,3,2.689256420599704,1.7512112544509952,0.21312286791806645,Book 1
increasing,2,3,2.689256420599704,1.7512112544509952,0.21312286791806645,Book 1
deeper,2,3,2.689256420599704,1.7512112544509952,0.21312286791806645,Book 1
dwells,2,3,2.689256420599704,1.7512112544509952,0.21312286791806645,Book 1
open,2,3,2.689256420599704,1.7512112544509952,0.21312286791806645,Book 1
equally,2,3,2.689256420599704,1.7512112544509952,0.21312286791806645,Book 1
turn,2,3,2.689256420599704,1.7512112544509952,0.21312286791806645,Book 1
falls,2,3,2.689256420599704,1.7512112544509952,0.21312286791806645,Book 1
gratification,2,3,2.689256420599704,1.7512112544509952,0.21312286791806645,Book 1
drawn,2,3,2.689256420599704,1.7512112544509952,0.21312286791806645,Book 1
however,2,3,2.689256420599704,1.7512112544509952,0.21312286791806645,Book 1
freedom,2,3,2.689256420599704,1.7512112544509952,0.21312286791806645,Book 1
servant,2,3,2.689256420599704,1.7512112544509952,0.21312286791806645,Book 1
animal,2,3,2.689256420599704,1.7512112544509952,0.21312286791806645,Book 1
reader,2,3,2.689256420599704,1.7512112544509952,0.21312286791806645,Book 1
others,7,13,9.412397472098965,7.588582102620979,0.20624829860290772,Book 1
without,6,17,8.067769261799112,9.923530441888975,0.19623353618221406,Book 2
every,21,43,28.237192416296896,25.100694647130933,0.19290000707835198,Book 1
remain,5,9,6.72314105149926,5.253633763352986,0.19058041836288897,Book 1
rise,5,9,6.72314105149926,5.253633763352986,0.19058041836288897,Book 1
comes,5,9,6.72314105149926,5.253633763352986,0.19058041836288897,Book 1
whose,5,9,6.72314105149926,5.253633763352986,0.19058041836288897,Book 1
first,3,5,4.033884630899556,2.9186854240849924,0.1904025918784329,Book 1
looking,3,5,4.033884630899556,2.9186854240849924,0.1904025918784329,Book 1
lived,3,5,4.033884630899556,2.9186854240849924,0.1904025918784329,Book 1
overcome,3,5,4.033884630899556,2.9186854240849924,0.1904025918784329,Book 1
efforts,3,5,4.033884630899556,2.9186854240849924,0.1904025918784329,Book 1
perfection,3,5,4.033884630899556,2.9186854240849924,0.1904025918784329,Book 1
continue,3,5,4.033884630899556,2.9186854240849924,0.1904025918784329,Book 1
riches,4,7,5.378512841199408,4.086159593718989,0.18699024097102157,Book 1
such,14,28,18.82479494419793,16.344638374875956,0.18325796477293999,Book 1
after,3,9,4.033884630899556,5.253633763352986,0.16381169467634216,Book 2
under,3,9,4.033884630899556,5.253633763352986,0.16381169467634216,Book 2
suffering,9,24,12.101653892698668,14.009690035607962,0.1433621162076777,Book 2
vanity,2,6,2.689256420599704,3.5024225089019905,0.10920779645089485,Book 2
known,2,6,2.689256420599704,3.5024225089019905,0.10920779645089485,Book 2
easy,2,6,2.689256420599704,3.5024225089019905,0.10920779645089485,Book 2
remains,2,6,2.689256420599704,3.5024225089019905,0.10920779645089485,Book 2
possession,2,6,2.689256420599704,3.5024225089019905,0.10920779645089485,Book 2
stand,2,6,2.689256420599704,3.5024225089019905,0.10920779645089485,Book 2
calm,6,16,8.067769261799112,9.339793357071974,0.09557474413845157,Book 2
grow,6,16,8.067769261799112,9.339793357071974,0.09557474413845157,Book 2
unselfish,4,11,5.378512841199408,6.421107932986983,0.09457488738023612,Book 2
while,4,11,5.378512841199408,6.421107932986983,0.09457488738023612,Book 2
lives,5,10,6.72314105149926,5.837370848169985,0.06544927313319526,Book 1
hidden,5,10,6.72314105149926,5.837370848169985,0.06544927313319526,Book 1
free,4,8,5.378512841199408,4.669896678535987,0.052359418506554345,Book 1
more,15,37,20.169423154497782,21.598272138228943,0.05047913766599299,Book 2
virtue,3,8,4.033884630899556,4.669896678535987,0.047787372069225786,Book 2
heavenly,3,8,4.033884630899556,4.669896678535987,0.047787372069225786,Book 2
again,3,8,4.033884630899556,4.669896678535987,0.047787372069225786,Book 2
form,3,8,4.033884630899556,4.669896678535987,0.047787372069225786,Book 2
hand,3,6,4.033884630899556,3.5024225089019905,0.03926956387991576,Book 1
little,3,6,4.033884630899556,3.5024225089019905,0.03926956387991576,Book 1
brought,3,6,4.033884630899556,3.5024225089019905,0.03926956387991576,Book 1
bring,3,6,4.033884630899556,3.5024225089019905,0.03926956387991576,Book 1
worldly,3,6,4.033884630899556,3.5024225089019905,0.03926956387991576,Book 1
knowledge,11,27,14.790910313298372,15.760901290058959,0.03181308884527034,Book 2
universe,6,15,8.067769261799112,8.756056272254977,0.02905703813348759,Book 2
hard,2,4,2.689256420599704,2.3349483392679935,0.026179709253277172,Book 1
grief,2,4,2.689256420599704,2.3349483392679935,0.026179709253277172,Book 1
blessed,2,4,2.689256420599704,2.3349483392679935,0.026179709253277172,Book 1
tranquil,2,4,2.689256420599704,2.3349483392679935,0.026179709253277172,Book 1
women,2,4,2.689256420599704,2.3349483392679935,0.026179709253277172,Book 1
high,2,4,2.689256420599704,2.3349483392679935,0.026179709253277172,Book 1
contains,2,4,2.689256420599704,2.3349483392679935,0.026179709253277172,Book 1
justice,2,4,2.689256420599704,2.3349483392679935,0.026179709253277172,Book 1
none,2,4,2.689256420599704,2.3349483392679935,0.026179709253277172,Book 1
inmost,2,4,2.689256420599704,2.3349483392679935,0.026179709253277172,Book 1
calmness,2,4,2.689256420599704,2.3349483392679935,0.026179709253277172,Book 1
things,11,24,14.790910313298372,14.009690035607962,0.022059443918050814,Book 1
itself,4,10,5.378512841199408,5.837370848169985,0.019371358755658374,Book 2
nothing,4,10,5.378512841199408,5.837370848169985,0.019371358755658374,Book 2
what,10,22,13.44628210299852,12.842215865973966,0.014441053980265739,Book 1
regards,2,5,2.689256420599704,2.9186854240849924,0.009685679377829187,Book 2
purified,2,5,2.689256420599704,2.9186854240849924,0.009685679377829187,Book 2
elements,2,5,2.689256420599704,2.9186854240849924,0.009685679377829187,Book 2
forms,2,5,2.689256420599704,2.9186854240849924,0.009685679377829187,Book 2
done,2,5,2.689256420599704,2.9186854240849924,0.009685679377829187,Book 2
words,2,5,2.689256420599704,2.9186854240849924,0.009685679377829187,Book 2
conscious,2,5,2.689256420599704,2.9186854240849924,0.009685679377829187,Book 2
change,2,5,2.689256420599704,2.9186854240849924,0.009685679377829187,Book 2
pathway,2,5,2.689256420599704,2.9186854240849924,0.009685679377829187,Book 2
secret,2,5,2.689256420599704,2.9186854240849924,0.009685679377829187,Book 2
past,2,5,2.689256420599704,2.9186854240849924,0.009685679377829187,Book 2
righteousness,2,5,2.689256420599704,2.9186854240849924,0.009685679377829187,Book 2
behind,2,5,2.689256420599704,2.9186854240849924,0.009685679377829187,Book 2
therefore,5,11,6.72314105149926,6.421107932986983,0.0072205269901328695,Book 1
harmony,5,11,6.72314105149926,6.421107932986983,0.0072205269901328695,Book 1
last,5,12,6.72314105149926,7.004845017803981,0.005979724880039505,Book 2
only,27,63,36.30496167809601,36.7754363434709,0.0031386858216760904,Book 2
world,18,41,24.203307785397335,23.933220477496935,0.0015728861615447176,Book 1
like,4,9,5.378512841199408,5.253633763352986,0.0015236353735809671,Book 1
understand,4,9,5.378512841199408,5.253633763352986,0.0015236353735809671,Book 1
though,6,14,8.067769261799112,8.172319187437978,0.0006974857381502331,Book 2
found,3,7,4.033884630899556,4.086159593718989,0.00034874286907511653,Book 2
learn,3,7,4.033884630899556,4.086159593718989,0.00034874286907511653,Book 2
ocean,3,7,4.033884630899556,4.086159593718989,0.00034874286907511653,Book 2
patient,3,7,4.033884630899556,4.086159593718989,0.00034874286907511653,Book 2
ignorance,3,7,4.033884630899556,4.086159593718989,0.00034874286907511653,Book 2
